userName,phoneNumber,email,password,role
Marjana,91804035,thinyadanasu86@gmail.com,Pass@1234,ROLE_USER
Tom,64857185,Tom@gmail.com,Pass@1235,ROLE_USER
Oluwatoyin,82516685,Oluwatoyin@gmail.com,Pass@1236,ROLE_USER
Sarina,29497755,Sarina@gmail.com,Pass@1237,ROLE_USER
Inma,17889852,Inma@gmail.com,Pass@1238,ROLE_USER
Milja,55800112,Milja@gmail.com,Pass@1239,ROLE_USER
Agrippa,63480116,Agrippa@gmail.com,Pass@1240,ROLE_USER
Pradeep,74515545,Pradeep@gmail.com,Pass@1241,ROLE_USER
Sumon,20276772,Sumon@gmail.com,Pass@1242,ROLE_USER
Rachana,74574301,Rachana@gmail.com,Pass@1243,ROLE_USER
Maral,70988004,Maral@gmail.com,Pass@1244,ROLE_USER
Corinna,60812071,Corinna@gmail.com,Pass@1245,ROLE_USER
Santiago,14414499,Santiago@gmail.com,Pass@1246,ROLE_USER
Cas,28089223,Cas@gmail.com,Pass@1247,ROLE_USER
Susanne,62983863,Susanne@gmail.com,Pass@1248,ROLE_USER
Jinan,35611074,Jinan@gmail.com,Pass@1249,ROLE_USER
Sharlene,12524759,Sharlene@gmail.com,Pass@1250,ROLE_USER
Nechtan,12649615,Nechtan@gmail.com,Pass@1251,ROLE_USER
Shakir,43256966,Shakir@gmail.com,Pass@1252,ROLE_USER
Braam,33081840,Braam@gmail.com,Pass@1253,ROLE_USER
Mokosh,62689136,Mokosh@gmail.com,Pass@1254,ROLE_USER
Lois,83232158,Lois@gmail.com,Pass@1255,ROLE_USER
Ljuba,35376950,Ljuba@gmail.com,Pass@1256,ROLE_USER
Mohammed,64590472,Mohammed@gmail.com,Pass@1257,ROLE_USER
Aikaterini,65062411,Aikaterini@gmail.com,Pass@1258,ROLE_USER
Laure,80889298,Laure@gmail.com,Pass@1259,ROLE_USER
Manegold,25262098,Manegold@gmail.com,Pass@1260,ROLE_USER
Franciszek,51461200,Franciszek@gmail.com,Pass@1261,ROLE_USER
Gaileswinþa,48568247,Gaileswinþa@gmail.com,Pass@1262,ROLE_USER
Reshma,55770602,Reshma@gmail.com,Pass@1263,ROLE_USER
Rosamund,35285689,Rosamund@gmail.com,Pass@1264,ROLE_USER
Serrena,99704033,Serrena@gmail.com,Pass@1265,ROLE_USER
Micaela,47394968,Micaela@gmail.com,Pass@1266,ROLE_USER
Mitul,72945685,Mitul@gmail.com,Pass@1267,ROLE_USER
Pan,99494219,Pan@gmail.com,Pass@1268,ROLE_USER
Apolonia,17693356,Apolonia@gmail.com,Pass@1269,ROLE_USER
Sanjeev,39767652,Sanjeev@gmail.com,Pass@1270,ROLE_USER
Nettuno,93767855,Nettuno@gmail.com,Pass@1271,ROLE_USER
Linnea,82530907,Linnea@gmail.com,Pass@1272,ROLE_USER
Ivana,94355574,Ivana@gmail.com,Pass@1273,ROLE_USER
Pembe,71632420,Pembe@gmail.com,Pass@1274,ROLE_USER
Cathy,17101199,Cathy@gmail.com,Pass@1275,ROLE_USER
Urbgen,29717867,Urbgen@gmail.com,Pass@1276,ROLE_USER
Ada,86938555,Ada@gmail.com,Pass@1277,ROLE_USER
Karim,35808656,Karim@gmail.com,Pass@1278,ROLE_USER
Corinna,82744528,Corinna@gmail.com,Pass@1279,ROLE_USER
Geeta,91487132,Geeta@gmail.com,Pass@1280,ROLE_USER
Demyan,86233528,Demyan@gmail.com,Pass@1281,ROLE_USER
Pastora,40705924,Pastora@gmail.com,Pass@1282,ROLE_USER
Kynthia,57367453,Kynthia@gmail.com,Pass@1283,ROLE_USER
Branwen,4242427,Branwen@gmail.com,Pass@1284,ROLE_USER
Jere,34606886,Jere@gmail.com,Pass@1285,ROLE_USER
Gocail,39750657,Gocail@gmail.com,Pass@1286,ROLE_USER
Ray,19578652,Ray@gmail.com,Pass@1287,ROLE_USER
Ararat,20022825,Ararat@gmail.com,Pass@1288,ROLE_USER
Anil,9714583,Anil@gmail.com,Pass@1289,ROLE_USER
Saban,81166373,Saban@gmail.com,Pass@1290,ROLE_USER
Nastor,88867447,Nastor@gmail.com,Pass@1291,ROLE_USER
Amelie,97008761,Amelie@gmail.com,Pass@1292,ROLE_USER
Zal,83332766,Zal@gmail.com,Pass@1293,ROLE_USER
Sudarshan,34700149,Sudarshan@gmail.com,Pass@1294,ROLE_USER
Vasundhara,86649183,Vasundhara@gmail.com,Pass@1295,ROLE_USER
LaChina,34062787,LaChina@gmail.com,Pass@1296,ROLE_USER
Aminu,35604437,Aminu@gmail.com,Pass@1297,ROLE_USER
Fridenot,88643386,Fridenot@gmail.com,Pass@1298,ROLE_USER
Usha,81461258,Usha@gmail.com,Pass@1299,ROLE_USER
Cleo,12644702,Cleo@gmail.com,Pass@1300,ROLE_USER
Geovana,71704892,Geovana@gmail.com,Pass@1301,ROLE_USER
Kristine,13970357,Kristine@gmail.com,Pass@1302,ROLE_USER
Titania,19137037,Titania@gmail.com,Pass@1303,ROLE_USER
Shekhar,51697190,Shekhar@gmail.com,Pass@1304,ROLE_USER
Kittie,38743174,Kittie@gmail.com,Pass@1305,ROLE_USER
Pru,52708334,Pru@gmail.com,Pass@1306,ROLE_USER
Gayatri,49275240,Gayatri@gmail.com,Pass@1307,ROLE_USER
Decima,20619757,Decima@gmail.com,Pass@1308,ROLE_USER
Martha,66235384,Martha@gmail.com,Pass@1309,ROLE_USER
Carmina,76596971,Carmina@gmail.com,Pass@1310,ROLE_USER
Elcin,97030150,Elcin@gmail.com,Pass@1311,ROLE_USER
Eadan,30322918,Eadan@gmail.com,Pass@1312,ROLE_USER
Devan,64365341,Devan@gmail.com,Pass@1313,ROLE_USER
Delfina,35577955,Delfina@gmail.com,Pass@1314,ROLE_USER
Cismaan,23079012,Cismaan@gmail.com,Pass@1315,ROLE_USER
Josiah,9965910,Josiah@gmail.com,Pass@1316,ROLE_USER
Heitiare,42643537,Heitiare@gmail.com,Pass@1317,ROLE_USER
Aysu,85553240,Aysu@gmail.com,Pass@1318,ROLE_USER
Lea,14006310,Lea@gmail.com,Pass@1319,ROLE_USER
Theobald,37362524,Theobald@gmail.com,Pass@1320,ROLE_USER
Anders,84125312,Anders@gmail.com,Pass@1321,ROLE_USER
Terhi,60336144,Terhi@gmail.com,Pass@1322,ROLE_USER
Poornima,25993441,Poornima@gmail.com,Pass@1323,ROLE_USER
Virginijus,93911100,Virginijus@gmail.com,Pass@1324,ROLE_USER
Merry,30173905,Merry@gmail.com,Pass@1325,ROLE_USER
Valentina,36634892,Valentina@gmail.com,Pass@1326,ROLE_USER
Alfred,78570580,Alfred@gmail.com,Pass@1327,ROLE_USER
Marilene,95036192,Marilene@gmail.com,Pass@1328,ROLE_USER
Anita,83768088,Anita@gmail.com,Pass@1329,ROLE_USER
Fannar,22411958,Fannar@gmail.com,Pass@1330,ROLE_USER
Elsie,58690103,Elsie@gmail.com,Pass@1331,ROLE_USER
Jordana,44107895,Jordana@gmail.com,Pass@1332,ROLE_USER
Anna,98819587,Anna@gmail.com,Pass@1333,ROLE_USER